state,avg_act_participation,avg_sat_participation
Alaska,0.49,0.405
California,0.29000000000000004,0.565
Georgia,0.54,0.655
Indiana,0.33499999999999996,0.63
Maryland,0.29500000000000004,0.725
New York,0.29000000000000004,0.73
Oregon,0.41000000000000003,0.45499999999999996
Pennsylvania,0.21500000000000002,0.675
Texas,0.45,0.64
Vermont,0.265,0.62
Virginia,0.265,0.665
Washington,0.265,0.665
